Courier,Avg_Days,Median_Days,Std_Days,Total_Shipments
SCG Express,1.4070234426076398,1.0,1.3332388601176342,10707
Shopee Xpress,1.423158826294975,1.0,1.335979063269253,36159
J&T Express,1.4319233556972142,1.0,1.336197373170817,107614
Flash Express,1.4339612196033382,1.0,1.3349109685318221,72253
Kerry Express,1.4365290002614421,1.0,1.3418818475045087,126223
Best Express,1.4454432305351956,1.0,1.3446388273418697,7231
