province,actual_delivery_days
Nonthaburi,1.5763097949886105
Bangkok,1.5010768812343338
Pathum Thani,1.4860596237736434
Samut Sakhon,1.4522911832946637
Nakhon Pathom,1.4206668756178122
Samut Prakan,1.2623200510981183
